primaryTitle,startYear,numVotes,averageRating
Safety Last!,1923,24122,8.1
The Navigator,1924,11707,7.5
Sherlock Jr.,1924,62879,8.2
The General,1926,103483,8.1
Wings,1927,15564,7.5
"Steamboat Bill, Jr.",1928,17025,7.8
Little Caesar,1931,15188,7.2
The Most Dangerous Game,1932,14853,7.1
Scarface,1932,32127,7.7
Captain Blood,1935,16794,7.7
The Adventures of Robin Hood,1938,56527,7.9
Alexander Nevsky,1938,12821,7.5
Foreign Correspondent,1940,25189,7.4
The Mark of Zorro,1940,11575,7.5
The Sea Hawk,1940,11233,7.6
High Sierra,1941,20427,7.5
Sahara,1943,10539,7.5
Key Largo,1948,45814,7.7
Sands of Iwo Jima,1949,11971,7.0
The Set-Up,1949,10727,7.8
White Heat,1949,37390,8.1
Winchester '73,1950,23348,7.6
Bend of the River,1952,10590,7.2
Ivanhoe,1952,10851,6.7
The War of the Worlds,1953,40288,7.0
River of No Return,1954,13718,6.6
Seven Samurai,1954,387907,8.6
Mother India,1957,10198,7.8
The Enemy Below,1957,12943,7.4
The 7th Voyage of Sinbad,1958,15664,7.0
Run Silent Run Deep,1958,14065,7.3
The Vikings,1958,16646,7.0
Exodus,1960,12229,6.7
The Magnificent Seven,1960,107422,7.7
The Guns of Navarone,1961,58084,7.5
Yojimbo,1961,138833,8.2
Dr. No,1962,187259,7.2
Hatari!,1962,15173,7.1
How the West Was Won,1962,24670,7.1
The Longest Day,1962,61461,7.7
Sanjuro,1962,43022,8.0
From Russia with Love,1963,151988,7.3
It's a Mad Mad Mad Mad World,1963,49306,7.5
Jason and the Argonauts,1963,33018,7.3
Goldfinger,1964,210308,7.7
"Faster, Pussycat! Kill! Kill!",1965,16881,6.6
The Great Race,1965,20899,7.2
Thunderball,1965,132358,6.9
The Train,1964,20756,7.8
Von Ryan's Express,1965,15760,7.1
The Sword of Doom,1966,12697,7.9
Django,1966,32822,7.2
The Professionals,1966,19968,7.3
Tokyo Drifter,1966,10224,7.1
Asterix the Gaul,1967,12662,6.6
Bonnie and Clyde,1967,125360,7.7
The Dirty Dozen,1967,82125,7.7
Branded to Kill,1967,10766,7.2
You Only Live Twice,1967,122511,6.8
Bullitt,1968,79336,7.4
Battle of Britain,1969,25840,6.9
The Bridge at Remagen,1969,11318,6.7
The Italian Job,1969,52619,7.2
Mackenna's Gold,1969,10400,6.7
On Her Majesty's Secret Service,1969,104137,6.7
Where Eagles Dare,1968,65882,7.6
The Wild Bunch,1969,93398,7.9
Airport,1970,23459,6.6
Tora! Tora! Tora!,1970,38790,7.5
Waterloo,1970,13699,7.3
Dirty Harry,1971,176221,7.7
The French Connection,1971,145851,7.7
Le Mans,1971,12699,6.7
Shaft,1971,22163,6.6
Red Sun,1971,11873,6.8
The Big Boss,1971,30938,6.9
Vanishing Point,1971,31749,7.2
"Aguirre, the Wrath of God",1972,65674,7.8
The Getaway,1972,37472,7.3
Fist of Fury,1972,35985,7.2
The Mechanic,1972,17323,6.8
The Way of the Dragon,1972,43288,7.1
The Poseidon Adventure,1972,52247,7.1
"Watch Out, We're Mad",1974,14870,7.3
Badlands,1973,81910,7.7
Coffy,1973,14116,6.8
Enter the Dragon,1973,117447,7.6
Live and Let Die,1973,120281,6.7
Magnum Force,1973,69839,7.2
Westworld,1973,65443,6.9
Bring Me the Head of Alfredo Garcia,1974,22633,7.4
Death Wish,1974,46436,6.9
The Golden Voyage of Sinbad,1973,11285,6.8
The Man with the Golden Gun,1974,117606,6.7
Mr. Majestyk,1974,10882,6.7
The Taking of Pelham One Two Three,1974,39163,7.6
The Three Musketeers,1973,21255,7.1
Thunderbolt and Lightfoot,1974,30860,7.0
The Towering Inferno,1974,50761,7.0
Going Places,1974,10419,7.1
Deewaar,1975,12470,8.0
The Four Musketeers: Milady's Revenge,1974,12419,6.9
French Connection II,1975,22533,6.7
Sholay,1975,60927,8.1
The Wind and the Lion,1975,10749,6.8
The Yakuza,1974,11131,7.2
Assault on Precinct 13,1976,58938,7.3
Crime Busters,1977,13629,7.1
The Enforcer,1976,51567,6.7
Logan's Run,1976,63846,6.8
Midway,1976,22544,6.8
Silver Streak,1976,22760,6.9
Smokey and the Bandit,1977,60514,7.0
The Spy Who Loved Me,1977,120876,7.0
Star Wars: Episode IV - A New Hope,1977,1520959,8.6
Battlestar Galactica,1978,11365,6.8
Capricorn One,1978,26332,6.8
Don,1978,13179,7.7
The Driver,1978,20788,7.1
Odds and Evens,1978,10691,7.1
The 36th Chamber of Shaolin,1978,19516,7.6
Snake in the Eagle's Shadow,1978,13618,7.3
Superman,1978,199217,7.4
The Wild Geese,1978,15132,6.8
The In-Laws,1979,10686,7.3
Mad Max,1979,239699,6.8
The Warriors,1979,116172,7.5
Drunken Master,1978,46216,7.4
Star Wars: Episode V - The Empire Strikes Back,1980,1453875,8.7
The Final Countdown,1980,28810,6.7
Shogun Assassin,1980,11740,7.3
The Stunt Man,1980,11136,6.9
Superman II,1980,120518,6.8
Clash of the Titans,1981,49886,6.9
Dragonslayer,1981,21059,6.6
Escape from New York,1981,166754,7.1
For Your Eyes Only,1981,112499,6.7
The Road Warrior,1981,208675,7.6
Outland,1981,33898,6.6
The Professional,1981,18460,7.4
Raiders of the Lost Ark,1981,1080521,8.4
Southern Comfort,1981,23555,7.1
Thief,1981,44365,7.4
48 Hrs.,1982,90254,6.9
Blade Runner,1982,858090,8.1
First Blood,1982,291364,7.7
Star Trek II: The Wrath of Khan,1982,133172,7.7
Tron,1982,135124,6.7
Project A,1983,19665,7.2
Who Finds a Friend Finds a Treasure,1981,13648,7.1
Go for It,1983,11665,7.1
Star Wars: Episode VI - Return of the Jedi,1983,1173117,8.3
Sudden Impact,1983,50977,6.6
WarGames,1983,117511,7.1
Beverly Hills Cop,1984,225459,7.4
Ghostbusters,1984,472880,7.8
Indiana Jones and the Temple of Doom,1984,554896,7.5
Double Trouble,1984,12290,7.1
The Karate Kid,1984,262025,7.3
Wheels on Meals,1984,16345,7.0
The Last Starfighter,1984,48367,6.7
The Pope of Greenwich Village,1984,10586,6.6
Romancing the Stone,1984,108617,6.9
Star Trek III: The Search for Spock,1984,88860,6.6
Streets of Fire,1984,26247,6.7
The Terminator,1984,970949,8.1
Commando,1985,182877,6.7
The Emerald Forest,1985,11716,6.9
Enemy Mine,1985,53572,6.8
F/X,1986,23951,6.7
Police Story,1985,45248,7.5
The Last Dragon,1985,18757,6.8
The Legend of Billie Jean,1985,12684,6.7
Ran,1985,145329,8.2
Runaway Train,1985,35314,7.2
Silverado,1985,52479,7.2
To Live and Die in L.A.,1985,44391,7.3
Vampire Hunter D,1985,19145,7.0
Year of the Dragon,1985,19022,6.8
Aliens,1986,813511,8.4
Big Trouble in Little China,1986,162021,7.2
Highlander,1986,153969,7.0
Armour of God,1986,23458,6.9
Top Gun,1986,532668,7.0
The Transformers: The Movie,1986,43777,7.2
A Better Tomorrow,1986,26931,7.4
Project A 2,1987,12080,7.0
Beverly Hills Cop II,1987,144258,6.6
Bloodsport,1988,99601,6.8
Dragons Forever,1988,10044,7.1
Hamburger Hill,1987,29170,6.7
Innerspace,1987,67836,6.8
Lethal Weapon,1987,288200,7.6
The Living Daylights,1987,110497,6.7
The Monster Squad,1987,37527,6.9
Mr. India,1987,17212,7.7
No Way Out,1987,52093,7.1
Predator,1987,480890,7.8
RoboCop,1987,298621,7.6
The Running Man,1987,176145,6.6
A Chinese Ghost Story,1987,11832,7.3
Stakeout,1987,29615,6.7
A Better Tomorrow II,1987,11903,7.2
Amsterdamned,1988,10221,6.6
Colors,1988,31643,6.7
Die Hard,1988,995142,8.2
I'm Gonna Git You Sucka,1988,15866,6.6
Police Story 2,1988,24096,7.1
Midnight Run,1988,100001,7.5
Shoot to Kill,1988,15631,6.8
They Live,1988,156041,7.2
Willow,1988,136247,7.2
Young Guns,1988,71503,6.8
Batman,1989,421597,7.5
Black Rain,1989,62473,6.6
Casualties of War,1989,50326,7.1
The Killer,1989,53263,7.7
Ghostbusters II,1989,234401,6.6
Indiana Jones and the Last Crusade,1989,843056,8.2
Lethal Weapon 2,1989,196447,7.3
Licence to Kill,1989,116425,6.7
Miracle Mile,1988,13835,7.0
Road House,1989,108081,6.7
Violent Cop,1989,13669,7.1
Wicked City,1987,10904,6.7
Die Hard 2,1990,397960,7.1
Bullet in the Head,1990,12263,7.5
Armour of God 2: Operation Condor,1991,23882,7.2
The Hunt for Red October,1990,224013,7.5
Memphis Belle,1990,31523,6.9
Narrow Margin,1990,11545,6.6
La Femme Nikita,1990,79492,7.2
State of Grace,1990,27582,7.1
Teenage Mutant Ninja Turtles,1990,109175,6.8
Total Recall,1990,370932,7.5
Backdraft,1991,91372,6.7
Until the End of the World,1991,12018,6.8
Thalapathi,1991,14649,8.5
Hot Shots!,1991,121568,6.7
The Last Boy Scout,1991,117060,7.0
Riki-Oh: The Story of Ricky,1991,16026,7.0
New Jack City,1991,40903,6.6
Point Break,1991,215646,7.3
Quigley Down Under,1990,26267,6.9
Robin Hood: Prince of Thieves,1991,216744,6.9
The Rocketeer,1991,64212,6.6
Rush,1991,10557,6.7
Star Trek VI: The Undiscovered Country,1991,83428,7.2
Terminator 2: Judgment Day,1991,1241003,8.6
Toy Soldiers,1991,26589,6.6
Once Upon a Time in China,1991,20812,7.2
Batman Returns,1992,341472,7.1
Deep Cover,1992,15565,7.0
Supercop,1992,25726,7.0
Juice,1992,32102,7.0
Hard Boiled,1992,56392,7.7
The Last of the Mohicans,1992,199041,7.6
Lethal Weapon 3,1992,184592,6.7
El Mariachi,1992,73538,6.8
Patriot Games,1992,125326,6.8
Once Upon a Time in China II,1992,11085,7.3
Batman: Mask of the Phantasm,1993,60844,7.8
Demolition Man,1993,203641,6.7
Dragon: The Bruce Lee Story,1993,34195,7.0
The Fugitive,1993,335476,7.8
Heaven & Earth,1993,15654,6.8
Hot Shots! Part Deux,1993,101235,6.6
In the Line of Fire,1993,119389,7.2
Judgment Night,1993,20133,6.6
Jurassic Park,1993,1130595,8.2
Ninja Scroll,1993,43207,7.8
Iron Monkey,1993,17790,7.5
Sonatine,1993,24478,7.5
Tai Chi Master,1993,11325,7.2
Andaz Apna Apna,1994,56923,8.0
Clear and Present Danger,1994,113116,6.9
The Crow,1994,223992,7.5
Darr,1993,26449,7.6
Ashes of Time,1994,17781,7.0
Fist of Legend,1994,25987,7.5
Léon: The Professional,1994,1310208,8.5
Maverick,1994,123449,7.0
Speed,1994,411112,7.3
Star Trek: Generations,1994,89542,6.6
Stargate,1994,213762,7.0
True Lies,1994,293310,7.3
Drunken Master II,1994,50591,7.5
Bad Boys,1995,307072,6.8
Crimson Tide,1995,131499,7.4
Dead Presidents,1995,25686,6.9
Desperado,1995,204355,7.1
Die Hard with a Vengeance,1995,421823,7.6
The Day of the Beast,1995,25186,7.3
GoldenEye,1995,278531,7.2
Heat,1995,765199,8.3
Rumble in the Bronx,1995,48026,6.8
Karan Arjun,1995,17015,6.8
Ghost in the Shell,1995,166581,7.9
Outbreak,1995,142969,6.6
Street Fighter II: The Animated Movie,1994,10526,7.2
Tales from the Crypt: Demon Knight,1995,27469,6.7
Courage Under Fire,1996,62061,6.6
From Dusk Till Dawn,1996,358143,7.2
The God of Cookery,1996,10425,7.2
Independence Day,1996,631347,7.0
Indian,1996,15589,8.1
First Strike,1996,23562,6.6
The Long Kiss Goodnight,1996,89864,6.8
Mission: Impossible,1996,501791,7.2
Muppet Treasure Island,1996,28103,6.9
Ransom,1996,140452,6.7
The Rock,1996,371559,7.4
Set It Off,1996,19600,6.9
Star Trek: First Contact,1996,135495,7.6
Twister,1996,245734,6.6
Absolute Power,1997,63195,6.7
The Assignment,1997,10411,6.8
Border,1997,18548,7.9
Breakdown,1997,66457,7.0
Con Air,1997,331974,6.9
Conspiracy Theory,1997,111313,6.7
The Edge,1997,82773,7.0
Face/Off,1997,416478,7.3
Fallen,1998,98505,7.0
The Fifth Element,1997,529639,7.6
Grosse Pointe Blank,1997,102773,7.3
Hercules,1997,269893,7.3
Knockin' on Heaven's Door,1997,35642,7.8
The Lost World: Jurassic Park,1997,463865,6.6
Men in Black,1997,643512,7.3
Nothing to Lose,1997,51225,6.7
Three Kings,1999,184871,7.1
Starship Troopers,1997,336906,7.3
Armageddon,1998,468288,6.7
Blade,1998,319458,7.1
The Mummy,1999,485026,7.1
The 13th Warrior,1999,136580,6.6
Enemy of the State,1998,269111,7.3
The Mask of Zorro,1998,205138,6.8
The Negotiator,1998,160817,7.3
Payback,1999,150488,7.1
Resident Evil,2002,301065,6.6
Rush Hour,1998,314306,7.0
U.S. Marshals,1998,118175,6.6
X-Men,2000,676522,7.3
Titan A.E.,2000,65588,6.6
Star Wars: Episode II - Attack of the Clones,2002,795805,6.6
Star Wars: Episode III - Revenge of the Sith,2005,891459,7.6
Lethal Weapon 4,1998,177304,6.6
Ronin,1998,202856,7.2
Thursday,1998,21135,7.1
Who Am I?,1998,44615,6.8
The Iron Giant,1999,247391,8.1
Run Lola Run,1998,214148,7.6
Ishq,1997,12444,6.8
The Matrix,1999,2169004,8.7
Bang Boom Bang - Ein todsicheres Ding,1999,11171,7.5
Arlington Road,1999,95155,7.2
Baasha,1995,12417,8.3
U-571,2000,90210,6.6
Dragon Ball Z: Fusion Reborn,1995,13271,7.6
Dragon Ball Z: Broly - The Legendary Super Saiyan,1993,12869,7.4
Dragon Ball Z: Wrath of the Dragon,1995,10538,7.4
The Boondock Saints,1999,258141,7.6
Spider-Man,2002,929709,7.4
Austin Powers: The Spy Who Shagged Me,1999,257319,6.7
Taxi,1998,93478,7.0
Lady Snowblood,1973,17694,7.6
Hellboy,2004,362708,6.9
Neon Genesis Evangelion: The End of Evangelion,1997,71578,8.1
Neon Genesis Evangelion: Death & Rebirth,1997,16455,7.2
Bad Boys II,2003,282218,6.6
Gladiator,2000,1774468,8.5
In China They Eat Dogs,1999,23969,7.3
Minority Report,2002,605768,7.6
A Knight's Tale,2001,212199,7.0
Shanghai Noon,2000,139493,6.6
The Patriot,2000,305491,7.2
Blade II,2002,246178,6.7
"Crouching Tiger, Hidden Dragon",2000,289150,7.9
Ghulam,1998,12569,7.2
Satya,1998,17764,8.2
Sarfarosh,1999,28114,8.1
The Way of the Gun,2000,36418,6.6
Baadshah,1999,21329,6.9
Enemy at the Gates,2001,287237,7.5
Vampire Hunter D: Bloodlust,2000,38888,7.7
Vaastav: The Reality,1999,15482,8.0
Atlantis: The Lost Empire,2001,142692,6.9
The Fast and the Furious,2001,440857,6.8
Kaho Naa... Pyaar Hai,2000,17435,6.9
The Matrix Reloaded,2003,654892,7.2
Flickering Lights,2000,25667,7.5
Brotherhood of the Wolf,2001,74744,7.0
Equilibrium,2002,356224,7.3
Brat 2,2000,19098,7.6
Hera Pheri,2000,76592,8.2
The Matrix Revolutions,2003,563001,6.7
To End All Wars,2001,12054,6.9
The Count of Monte Cristo,2002,155566,7.7
Koi... Mil Gaya,2003,29683,7.2
The Bourne Identity,2002,597425,7.8
Paid in Full,2002,15254,7.0
Ramayana: The Legend of Prince Rama,1993,16541,9.1
Joint Security Area,2000,36714,7.7
Black Hawk Down,2001,442137,7.7
Kill Bill: Vol. 1,2003,1258728,8.2
Rush Hour 2,2001,251493,6.7
Spy Game,2001,173038,7.1
Kiss of the Dragon,2001,68441,6.6
The Last Castle,2001,87936,6.9
The Warrior,2001,11420,7.1
Blood: The Last Vampire,2000,13801,6.6
Cowboy Bebop: The Movie,2001,55886,7.8
We Were Soldiers,2002,156385,7.2
Dog Soldiers,2002,69091,6.8
Wasabi,2001,44570,6.6
Gadar: Ek Prem Katha,2001,16169,7.3
Shaolin Soccer,2001,93880,7.3
X2: X-Men United,2003,599973,7.4
Nayak: The Real Hero,2001,18674,7.8
The Recruit,2003,145275,6.6
The Transporter,2002,331857,6.8
Ichi the Killer,2001,62462,6.9
The Chronicles of Riddick,2004,248322,6.6
Company,2002,16818,7.9
Hero,2002,191254,7.9
Master and Commander: The Far Side of the World,2003,247936,7.5
Tears of the Sun,2003,135106,6.6
Wazir,2016,20514,7.1
Open Range,2003,81743,7.4
Spider-Man 2,2004,752394,7.5
Hidalgo,2004,87512,6.7
The Incredibles,2004,862084,8.0
The Italian Job,2003,400309,7.0
Mission: Impossible III,2006,413343,6.9
Kingdom of Heaven,2005,336797,7.3
Underworld,2003,295076,7.0
Jackass: The Movie,2002,104617,6.6
Lakshya,2004,26974,7.8
The Last Samurai,2003,491730,7.8
Pirates of the Caribbean: The Curse of the Black Pearl,2003,1275361,8.1
The Great Raid,2005,24484,6.6
The Rundown,2003,146934,6.7
Man on Fire,2004,405275,7.7
Troy,2004,596944,7.3
Live Free or Die Hard,2007,430044,7.1
Kopps,2003,23680,6.7
Unleashed,2005,110425,7.0
"I, Robot",2004,599476,7.1
Blood and Bone,2009,37177,6.7
Khakee,2004,17144,7.4
Main Hoon Na,2004,42766,7.1
Steamboy,2004,19388,6.8
Constantine,2005,395797,7.0
King Kong,2005,461142,7.2
The Life Aquatic with Steve Zissou,2004,217214,7.2
The Blind Swordsman: Zatoichi,2003,52642,7.4
Dawn of the Dead,2004,282564,7.2
Oldboy,2003,685395,8.3
Okkadu,2003,11277,8.0
National Treasure,2004,368783,6.9
Ong-Bak: The Thai Warrior,2003,80186,7.1
Infernal Affairs II,2003,20618,7.2
Collateral,2004,452985,7.5
Jurassic World,2015,708165,6.9
Iron Man,2008,1181862,7.9
The Bourne Supremacy,2004,501955,7.7
Team America: World Police,2004,182846,7.2
Batman Begins,2005,1656432,8.2
Kung Fu Hustle,2004,158068,7.7
Saints and Soldiers,2003,21836,6.7
Gangaajal,2003,18726,7.8
Harry Potter and the Order of the Phoenix,2007,671136,7.5
In Your Name,2003,21783,7.2
Infernal Affairs III,2003,15347,6.8
The Memory of a Killer,2003,10852,7.2
Tristan + Isolde,2006,55184,6.8
Anniyan,2005,23958,8.3
X-Men: The Last Stand,2006,562007,6.6
Kill Bill: Vol. 2,2004,841947,8.0
Serenity,2005,311560,7.8
Casino Royale,2006,721473,8.0
3:10 to Yuma,2007,344193,7.6
Pirates of the Caribbean: Dead Man's Chest,2006,801993,7.4
Azumi,2003,15394,6.7
House of Flying Daggers,2004,118312,7.5
Final Fantasy VII: Advent Children,2005,59125,7.1
New Police Story,2004,30201,6.9
Tae Guk Gi: The Brotherhood of War,2004,41890,8.0
Renaissance,2006,16632,6.6
Friday Night Lights,2004,69113,7.2
36th Precinct,2004,18959,7.1
Pusher II,2004,27324,7.3
A History of Violence,2005,265859,7.4
The Island,2005,335226,6.8
Black Friday,2004,22810,8.4
Appleseed,2004,18834,6.9
John Carter,2012,294024,6.6
Underworld: Evolution,2006,214694,6.7
Running Scared,2006,105455,7.3
War of the Worlds,2005,493042,6.6
Watchmen,2009,600384,7.6
Mesrine: Public Enemy No. 1,2008,31907,7.4
Hellboy II: The Golden Army,2008,294310,7.0
District B13,2004,75941,7.1
Mongol: The Rise of Genghis Khan,2007,50575,7.2
300,2006,894698,7.6
9th Company,2005,22197,7.0
Harry Potter and the Half-Blood Prince,2009,632383,7.6
Transformers,2007,700375,7.1
Flags of Our Fathers,2006,132395,7.1
Street Kings,2008,124508,6.8
Dhoom,2004,23761,6.6
Ghilli,2004,18411,8.2
Flushed Away,2006,145335,6.6
Hot Fuzz,2007,554392,7.8
Red Cliff,2008,49629,7.3
The Protector,2005,39967,7.0
The A-Team,2010,273685,6.7
Four Brothers,2005,164704,6.8
The Kingdom,2007,135372,7.0
Real Steel,2011,371904,7.1
Harsh Times,2005,69926,6.8
V for Vendetta,2005,1220091,8.1
Alita: Battle Angel,2019,314205,7.3
Hulchul,2004,10065,7.1
The Flash,2023,236052,6.6
Fanaa,2006,36245,7.1
The Bourne Ultimatum,2007,673248,8.0
Dhoom 2,2006,31633,6.6
Kung Fu Panda,2008,555227,7.6
Danger Close,2019,15929,6.8
Vantage Point,2008,156123,6.6
Scott Pilgrim vs. the World,2010,484219,7.5
Fearless,2006,80251,7.6
Shazam!,2019,402596,7.0
Puss in Boots,2011,203342,6.6
Pirates of the Caribbean: At World's End,2007,723288,7.1
Ghajini,2005,16417,7.6
Jodhaa Akbar,2008,35813,7.5
16 Blocks,2006,136983,6.6
Wonder Woman,2017,722578,7.3
Deja Vu,2006,338894,7.1
Aqua Teen Hunger Force Colon Movie Film for Theaters,2007,14733,6.7
The Equalizer,2014,449245,7.3
A Bittersweet Life,2005,45332,7.5
Captain America: The First Avenger,2011,938684,6.9
Don,2006,42810,7.2
Rambo,2008,252023,7.0
"OSS 117: Cairo, Nest of Spies",2006,24401,7.0
Shoot 'Em Up,2007,157555,6.6
The Dark Knight,2008,3042674,9.0
Alan Partridge,2013,33606,6.9
Athadu,2005,15792,8.2
9,2009,153548,7.0
Apocalypto,2006,346790,7.8
Curse of the Golden Flower,2006,46850,7.0
United 93,2006,113675,7.6
Smokin' Aces,2006,155555,6.6
Shinobi: Heart Under Blade,2005,13101,6.8
Unstoppable,2010,214512,6.8
Kill Zone,2005,13652,6.9
Ant-Man,2015,756362,7.2
Seraphim Falls,2006,35908,6.6
Bon Cop Bad Cop,2006,13460,6.7
Dasavatharam,2008,11245,7.3
Sivaji,2007,22995,7.6
Crank,2006,272450,6.9
Fullmetal Alchemist the Movie: Conqueror of Shamballa,2005,12593,7.3
Rob-B-Hood,2006,16570,6.6
Omkara,2006,23172,8.0
Jackass Number Two,2006,81876,7.0
Wanted,2008,421302,6.7
Golmaal: Fun Unlimited,2006,20604,7.5
Gunda,1998,11121,7.3
Letters from Iwo Jima,2006,174423,7.8
Avatar,2009,1437148,7.9
Body of Lies,2008,246202,7.0
The Baader Meinhof Complex,2008,41074,7.3
Man of Steel,2013,839634,7.1
Drive,2011,740038,7.8
Gangster's Paradise: Jerusalema,2008,11066,7.3
Jack Reacher,2012,381540,7.0
Exiled,2006,10052,7.2
Star Trek,2009,630801,7.9
The Incredible Hulk,2008,547781,6.6
Thor,2011,938679,7.0
Warcraft,2016,290013,6.7
Death Sentence,2007,76542,6.7
Shootout at Lokhandwala,2007,11283,7.1
Pokiri,2006,16456,8.0
World War Z,2013,758114,7.0
Shooter,2007,368309,7.1
Tekkonkinkreet,2006,15168,7.5
Arn: The Knight Templar,2007,23798,6.6
Superman II: The Richard Donner Cut,2006,20566,7.6
The Brothers Bloom,2008,53550,6.7
Son of Rambow,2007,33398,7.0
Dhamaal,2007,20470,7.5
The Avengers,2012,1516317,8.0
Epic,2013,112605,6.6
Battle in Seattle,2007,15407,6.6
Evangelion: 2.0 You Can (Not) Advance,2009,27129,7.9
Evangelion: 3.0 You Can (Not) Redo,2012,20413,6.9
Elite Squad,2007,115655,8.0
Jungle Cruise,2021,222508,6.6
How to Train Your Dragon,2010,856587,8.1
"The Good, the Bad, the Weird",2008,39028,7.2
Rise of the Footsoldier,2007,22484,6.7
Pineapple Express,2008,366684,6.9
The Warlords,2007,28357,7.0
Flame & Citron,2008,20553,7.2
Evangelion: 1.0 You Are (Not) Alone,2007,29906,7.5
Taken,2008,657980,7.7
Tropic Thunder,2008,472784,7.1
Source Code,2011,569933,7.5
Green Zone,2010,145716,6.8
The Amazing Spider-Man,2012,737888,6.9
Robin Hood,2010,291530,6.6
The Fighter,2010,400330,7.8
The Adventures of Tintin,2011,250076,7.3
Machete,2010,207719,6.6
Sherlock Holmes,2009,692817,7.5
Traitor,2008,60248,6.9
Flash Point,2007,14223,6.7
Hanna,2011,211879,6.7
Megamind,2010,312209,7.3
Race,2008,16788,6.7
"The Gangster, the Cop, the Devil",2019,29491,7.0
Om Shanti Om,2007,53340,6.8
To Catch a Killer,2023,52904,6.6
Max Manus: Man of War,2008,30955,7.3
Shershaah,2021,133062,8.3
RocknRolla,2008,271487,7.2
Defiance,2008,159031,7.1
John Wick: Chapter 4,2023,386330,7.6
The Book of Eli,2010,353005,6.8
The Stronghold,2020,14978,6.9
The Forgotten Battle,2020,39470,7.1
The Hunger Games: The Ballad of Songbirds & Snakes,2023,164807,6.7
Master,2021,87122,7.4
Eagle Eye,2008,199011,6.6
Cloverfield,2008,435431,7.0
Ne Zha,2019,14445,7.4
The Harder They Fall,2021,74955,6.6
K.G.F: Chapter 2,2022,160189,8.2
Ponniyin Selvan: Part I,2022,37818,7.5
Ink,2009,22745,6.8
Sherni,2021,11803,6.8
Skyfall,2012,753863,7.8
Shinjuku Incident,2009,14158,6.9
Planet Terror,2007,229403,7.0
Wanted,2009,27535,6.6
Spider-Man: No Way Home,2021,962661,8.2
Lone Survivor,2013,317002,7.5
Malik,2021,14741,8.0
The Heist of the Century,2020,11670,7.1
Demon Slayer: Kimetsu no Yaiba - The Movie: Mugen Train,2020,85918,8.2
Tron: Legacy,2010,369060,6.8
Wrath of Man,2021,227177,7.1
My Hero Academia: Heroes Rising,2019,11265,7.8
The Northman,2022,282289,7.0
Creed III,2023,101569,6.7
Jackass 3D,2010,70043,7.0
Felon,2008,86507,7.4
Sword of the Stranger,2007,19159,7.7
Detective Dee: The Mystery of the Phantom Flame,2010,12193,6.6
Free State of Jones,2016,66721,6.9
Love Exposure,2008,17080,8.0
The Unbearable Weight of Massive Talent,2022,171801,7.0
Rebel Ridge,2024,91816,6.8
Ayyappanum Koshiyum,2020,11854,8.0
District 9,2009,738223,7.9
The Killer,2023,212900,6.7
Doctor,2021,20281,7.4
Kingdom of the Planet of the Apes,2024,155745,6.8
Viduthalai: Part 1,2023,11270,8.2
Jackass Forever,2022,53685,6.8
Micmacs,2009,31767,7.1
Emergency Declaration,2021,11202,6.8
Zombieland,2009,648681,7.5
Sarpatta Parambarai,2021,27175,8.5
Karnan,2021,24522,8.0
Dune: Part One,2021,966150,8.0
Riders of Justice,2020,70912,7.5
Lilo & Stitch,2025,47021,6.9
The Witcher: Nightmare of the Wolf,2021,53737,7.2
Ghajini,2008,69836,7.4
Jailer,2023,41335,7.1
22 Bullets,2010,37346,6.6
OSS 117: Lost in Rio,2009,17346,6.8
The Breath,2009,36350,8.0
Bronson,2008,145543,7.0
Pathu Thala,2023,10145,6.7
Akhanda,2021,19895,6.8
Vaaranam Aayiram,2008,15234,8.2
Rurouni Kenshin: Final Chapter Part I - The Final,2021,11563,7.2
Chocolate,2008,19252,6.9
The Creator,2023,187922,6.7
Prey,2022,253467,7.1
Pandorum,2009,164629,6.7
Black Dynamite,2009,53505,7.4
The Chaser,2008,77191,7.8
Rango,2011,307446,7.3
The Bourne Legacy,2012,322930,6.6
Law Abiding Citizen,2009,335639,7.4
Rurouni Kenshin: Final Chapter Part II - The Beginning,2021,11740,7.4
Violent Night,2022,114675,6.7
Vikrant Rona,2022,29272,6.9
Furiosa: A Mad Max Saga,2024,293855,7.5
Doctor Strange,2016,849209,7.5
Escape Plan,2013,265905,6.7
The World's End,2013,307428,6.9
The Girl Who Played with Fire,2009,100414,7.1
Brave,2012,464629,7.1
Legend of the Guardians: The Owls of Ga'Hoole,2010,90082,6.9
Ip Man,2008,239338,8.0
Edge of Darkness,2010,101857,6.6
Extraction II,2023,165365,7.0
Iron Man 2,2010,908674,6.9
Mission: Impossible - Ghost Protocol,2011,552284,7.4
The Yellow Sea,2010,24018,7.3
21 Jump Street,2012,626316,7.2
Wild Target,2010,41781,6.7
Zack Snyder's Justice League,2021,458892,7.9
Aamir,2008,11804,7.6
Attack on Titan: Chronicle,2020,12489,8.4
Cell 211,2009,72675,7.6
Red,2010,333215,7.0
Mahaan,2022,18662,7.7
Kick-Ass,2010,611228,7.6
Mesrine: Killer Instinct,2008,36088,7.5
Bullet Train,2022,499394,7.3
Den of Thieves,2018,146664,7.0
Ghost in the Shell 2.0,2008,15719,7.8
The Three Musketeers - Part I: D'Artagnan,2023,24899,6.7
Venom,2018,582763,6.6
X-Men: First Class,2011,749687,7.7
2 Guns,2013,232947,6.7
Old Henry,2021,41332,7.3
Kalki 2898 AD,2024,68654,7.0
Kaminey,2009,18674,7.4
Looper,2012,619054,7.4
A Wednesday,2008,84477,8.1
Hundreds of Beavers,2022,13626,7.6
Don 2,2011,60279,7.1
Ghostbusters,2016,253898,6.8
Harry Brown,2009,93284,7.2
Warrior,2011,517130,8.1
Easy Money,2010,20340,6.7
Pirates of the Caribbean: On Stranger Tides,2011,589855,6.6
Iron Man 3,2013,937525,7.1
Kung Fu Panda 2,2011,341923,7.3
Khuda Haafiz: Chapter 2 - Agni Pariksha,2022,15256,7.4
Enthiran,2010,32179,7.2
The Trip,2021,29335,6.9
Mission Majnu,2023,45212,6.9
Vikram Vedha,2022,25780,7.1
Rise of the Planet of the Apes,2011,594846,7.6
Little Big Soldier,2010,16400,6.8
Gangster Squad,2013,226574,6.7
Red Cliff II,2009,26048,7.5
Fortress of War,2010,10914,7.4
Dredd,2012,306194,7.1
The Dark Knight Rises,2012,1924968,8.4
Dhamaka,2021,43101,6.7
The Wandering Earth II,2023,15589,6.7
Ayan,2009,12195,7.6
The Gorge,2025,132960,6.7
Karthikeya 2,2022,64795,7.8
Merantau,2009,11829,6.7
Inception,2010,2704099,8.8
The Other Guys,2010,300764,6.7
Ip Man 2,2010,114369,7.5
In the Heart of the Sea,2015,155755,6.9
Sanak,2021,11163,6.6
The Hunger Games,2012,1049342,7.2
Mad Max: Fury Road,2015,1172454,8.1
Salaar,2023,75908,6.6
Once Upon a Time in Mumbaai,2010,19364,7.4
Bheeshma Parvam,2022,14226,7.6
Unknown,2011,273778,6.8
Star Trek Into Darkness,2013,504910,7.7
Men in Black³,2012,402327,6.8
Kill the Irishman,2011,53608,7.0
KPop Demon Hunters,2025,26820,7.8
Ferry,2021,14800,7.0
The Wolverine,2013,513959,6.7
The Pirates! Band of Misfits,2012,53152,6.7
Deadpool,2016,1214444,8.0
"Batman: The Long Halloween, Part One",2021,21683,7.2
Jujutsu Kaisen 0,2021,51344,7.8
13 Assassins,2010,70515,7.5
"Batman: The Long Halloween, Part Two",2021,18346,7.2
Rise of the Guardians,2012,202854,7.2
Magadheera,2009,26636,7.7
Filth,2013,119846,7.0
Pokkiri,2007,14539,7.6
The Next Three Days,2010,212256,7.3
Dragon Ball Super: Super Hero,2022,17515,7.1
Outrage,2010,15250,6.8
The Grandmaster,2013,37893,6.6
Enola Holmes 2,2022,111537,6.8
Summer Wars,2009,33046,7.4
Aquaman,2018,540231,6.8
Attack the Block,2011,114107,6.7
Oblivion,2013,574268,7.0
Redline,2009,19198,7.5
Sisu,2022,98410,6.9
Demon Slayer: Kimetsu no Yaiba - Mt. Natagumo Arc,2020,17496,8.7
The Lego Movie,2014,404282,7.7
IB 71,2023,11316,7.1
Super,2010,85724,6.7
Sherlock Holmes: A Game of Shadows,2011,494161,7.4
Dune: Part Two,2024,647722,8.5
The Man from Nowhere,2010,78370,7.7
Kantara,2022,108538,8.2
Let the Bullets Fly,2010,13999,7.3
Shaolin,2011,20543,6.8
Elysium,2013,483664,6.6
Captain Phillips,2013,509654,7.8
Jawan,2023,105500,6.9
What Happened to Monday,2017,140819,6.8
Vaathi,2023,11416,7.3
Hanu Man,2024,29527,7.7
Dasara,2023,11550,6.6
Athena,2022,24393,6.8
Point Blank,2010,14926,6.8
An Action Hero,2022,33209,7.0
Zombieland: Double Tap,2019,217136,6.7
Leo,2023,68556,7.2
Get the Gringo,2012,113551,6.9
Man on a Ledge,2012,160882,6.6
The Last Kingdom: Seven Kings Must Die,2023,40840,6.9
Khaleja,2010,10648,7.6
The Roundup,2022,14062,7.0
Machine Gun Preacher,2011,70402,6.7
Maleficent,2014,415519,6.9
I Saw the Devil,2010,157804,7.8
Fast Five,2011,422643,7.3
Safe House,2012,244839,6.7
The Grey,2011,269812,6.7
My Way,2011,13159,7.6
Headhunters,2011,109685,7.5
The Foreigner,2017,128894,7.0
One Piece Film: Red,2022,24943,6.7
Paan Singh Tomar,2012,39210,8.2
Avatar: The Way of Water,2022,538811,7.5
F1: The Movie,2025,100919,7.9
Edge of Tomorrow,2014,778592,7.9
In Time,2011,470054,6.7
The Man from U.N.C.L.E.,2015,348722,7.2
The Legend Is Born: Ip Man,2010,33049,7.0
How to Train Your Dragon 2,2014,387014,7.8
Three Steps Above Heaven,2010,30244,6.7
Demon Slayer: Kimetsu no Yaiba - Tsuzumi Mansion Arc,2021,32808,8.5
Super 8,2011,374894,7.0
No Mercy,2010,10319,7.4
Pacific Rim,2013,547333,6.9
Ready Player One,2018,521389,7.4
The Fall Guy,2024,228917,6.8
Kill Boksoon,2023,14559,6.6
DogMan,2023,19914,6.8
Day of the Falcon,2011,12919,6.6
The Equalizer 3,2023,149702,6.8
Mankatha,2011,17192,7.7
Snowpiercer,2013,409056,7.1
Weird: The Al Yankovic Story,2022,45538,6.8
Dragon,2011,16186,7.0
7aum Arivu,2011,14190,6.7
Civil War,2024,245476,7.0
Ender's Game,2013,261204,6.6
Top Gun: Maverick,2022,789529,8.2
Dookudu,2011,14569,7.4
The Expendables 2,2012,329879,6.6
No Escape,2015,96751,6.8
The Maze Runner,2014,539977,6.8
Southpaw,2015,270093,7.3
Who Killed Captain Alex?,2010,11486,7.8
RED 2,2013,185792,6.6
To Strike,2013,30061,7.4
Chappie,2015,278804,6.8
Black Panther,2018,880812,7.3
Polite Society,2023,12217,6.6
Sonic the Hedgehog 3,2024,66756,6.9
The Informer,2019,44850,6.6
Divergent,2014,507800,6.6
Captain America: The Winter Soldier,2014,941280,7.7
Hunter Killer,2018,78225,6.6
Agneepath,2012,28025,6.9
End of Watch,2012,282981,7.6
Blade Runner 2049,2017,720078,8.0
Deepwater Horizon,2016,192829,7.1
The Amazing Spider-Man 2,2014,567392,6.6
Into the White,2012,23016,7.1
The Batman,2022,879707,7.8
X-Men: Days of Future Past,2014,773219,7.9
The Raid: Redemption,2011,225427,7.6
Fast & Furious 6,2013,430447,7.0
Penguins of Madagascar,2014,109996,6.6
Delhi Belly,2011,33685,7.6
Singham,2011,20892,6.8
Nimona,2023,57883,7.5
Ford v Ferrari,2019,531944,8.1
The Hunger Games: Catching Fire,2013,752082,7.5
The Hunger Games: Mockingjay - Part 1,2014,527964,6.6
The Hunger Games: Mockingjay - Part 2,2015,397234,6.6
Gangs of Wasseypur,2012,108772,8.2
The Hitman's Bodyguard,2017,257229,6.9
King Arthur: Legend of the Sword,2017,241657,6.7
Bawaal,2023,17164,6.6
Rurouni Kenshin Part I: Origins,2012,30315,7.4
The Good Dinosaur,2015,134843,6.7
Thor: The Dark World,2013,755865,6.7
Land of Bad,2024,53510,6.6
Behzat Ç.: I Buried You in My Heart,2011,10771,7.5
Guardians of the Galaxy,2014,1324067,8.0
All Is Lost,2013,85693,6.9
Journey to the West: Conquering the Demons,2013,14662,6.7
Non-Stop,2014,282895,6.9
War of the Arrows,2011,13090,7.1
The Finest Hours,2016,73125,6.7
Twilight of the Warriors: Walled In,2024,10529,6.9
The Promised Land,2023,34559,7.7
Eye in the Sky,2015,94397,7.3
Business Man,2012,12115,7.2
Ip Man 4: The Finale,2019,39134,7.0
Always,2011,12064,7.7
Sita Ramam,2022,77076,8.5
Thunderbolts*,2025,144058,7.3
Dawn of the Planet of the Apes,2014,501842,7.6
Mission Raniganj,2023,19174,7.2
The Accountant,2016,377048,7.3
How to Blow Up a Pipeline,2022,11652,6.9
Drug War,2012,11217,7.0
American Sniper,2014,553929,7.3
Thuppakki,2012,40072,8.1
Run All Night,2015,118373,6.6
Vishwaroopam,2013,41486,7.9
Berserk: The Golden Age Arc I - The Egg of the King,2012,15285,7.5
Captain Miller,2024,13880,7.2
Love and Monsters,2020,154052,6.9
Ponniyin Selvan: Part Two,2023,19284,7.2
Big Hero 6,2014,533338,7.8
Zulu,2013,20369,6.7
Spider-Man: Homecoming,2017,763407,7.4
Maaveeran,2023,10716,7.4
Eega,2012,29130,7.7
Dragon Ball Z: Battle of Gods,2013,31153,7.1
The Raid 2,2014,136385,7.9
Kung Fu Panda 3,2016,206572,7.1
Jumanji: Welcome to the Jungle,2017,482529,7.0
22 Jump Street,2014,425731,7.0
I,2015,24757,7.4
Godzilla Minus One,2023,174203,7.7
The Thieves,2012,12056,6.8
Flu,2013,15396,6.6
Berserk: The Golden Age Arc II - The Battle for Doldrey,2012,12761,7.7
Berserk: The Golden Age Arc III - The Advent,2013,12675,7.8
One Piece Film Z,2012,10777,7.7
1: Nenokkadine,2014,47275,7.9
Thelma,2024,24543,7.0
Spectre,2015,482753,6.8
HIT: The 3rd Case,2025,10059,6.9
Mission: Impossible - Rogue Nation,2015,433726,7.4
No Time to Die,2021,468374,7.3
D-Day,2013,10525,7.2
How to Train Your Dragon: The Hidden World,2019,168009,7.4
Avengers: Age of Ultron,2015,966477,7.3
Predestination,2014,324168,7.4
The Magnificent Seven,2016,238683,6.9
The Heat,2013,185706,6.6
Atomic Blonde,2017,215196,6.7
Jigarthanda Double X,2023,11262,8.0
Gabbar Is Back,2015,27879,7.0
Go Goa Gone,2013,16352,6.7
Evangelion: 3.0+1.01 Thrice Upon a Time,2021,16482,8.0
The Adam Project,2022,248321,6.7
Confession of Murder,2012,12491,7.0
Star Wars: Episode VII - The Force Awakens,2015,1004706,7.7
Star Wars: Episode VIII - The Last Jedi,2017,699698,6.9
Kannur Squad,2023,10621,7.6
Viduthalai Part 2,2024,16765,7.8
The Admiral,2015,10788,7.0
Arrambam,2013,10837,7.0
Holiday,2014,31329,7.2
'71,2014,63663,7.2
New World,2013,27930,7.5
Baahubali: The Beginning,2015,146240,8.0
The Count of Monte-Cristo,2024,38199,7.6
The Dark Valley,2014,14904,7.1
Demon Slayer: Kimetsu No Yaiba - To the Swordsmith Village,2023,14513,7.6
Maharaja,2024,71372,8.4
Star Trek Beyond,2016,265573,7.0
Aavesham,2024,29392,7.8
How to Train Your Dragon,2025,51340,8.1
In Order of Disappearance,2014,30291,7.1
Saripodhaa Sanivaaram,2024,10279,7.0
Mars Express,2023,12490,7.5
Vettaiyan,2024,40014,6.9
Game Night,2018,267082,6.9
Sky Force,2025,12451,6.9
Amaran,2024,19871,8.1
Fury,2014,583577,7.6
AKA,2023,14393,6.6
The Salvation,2014,45075,6.7
Chandu Champion,2024,34675,7.8
Por Thozhil,2023,11754,8.0
Bacurau,2019,32711,7.3
Kaiva,2023,69103,8.2
Deva,2025,26714,6.7
Pete's Dragon,2016,63262,6.7
Chhaava,2025,34178,7.3
Agni,2024,15059,7.2
Kingsman: The Secret Service,2014,756540,7.7
Furious 7,2015,429218,7.1
Kill,2023,41887,7.5
Dead Snow 2: Red vs. Dead,2014,27878,6.8
Checkmate,2023,24702,7.5
Madras Cafe,2013,26019,7.6
Red Sparrow,2018,212932,6.6
Ip Man 3,2015,62798,7.0
Dungeons & Dragons: Honor Among Thieves,2023,262936,7.2
John Wick,2014,791468,7.5
The Connection,2014,12960,7.1
Marco,2024,22867,6.7
Zootopia,2016,585016,8.0
The Guest,2014,111921,6.7
Mary Kom,2014,11836,6.8
Rurouni Kenshin: The Legend Ends,2014,15526,7.5
Rurouni Kenshin Part II: Kyoto Inferno,2014,19328,7.5
The Jungle Book,2016,300387,7.3
Attarintiki Daredi,2013,10289,7.3
Hardcore Henry,2015,106195,6.7
Creed,2015,323761,7.6
Spy,2015,269394,7.0
The Phoenician Scheme,2025,29024,6.8
Article 370,2024,25245,7.8
Deep Cover,2025,25602,6.7
Sinners,2025,208094,7.7
Son of Batman,2014,32804,6.7
Race Gurram,2014,13782,7.3
Warfare,2025,63000,7.2
Retribution,2015,11410,6.6
The Villain,2014,23984,6.6
Retro,2025,13959,6.7
Free to Play,2014,13666,7.6
Black '47,2018,13797,6.8
Behzat Ç.: Ankara Is on Fire,2013,15590,7.4
Logan,2017,896215,8.1
Attack on Titan the Movie: The Last Attack,2024,18080,9.1
Borbaad,2025,17749,7.1
Solo Leveling: ReAwakening,2024,13998,8.8
X-Men: Apocalypse,2016,481445,6.8
Haider,2014,59628,8.0
Sicario,2015,512953,7.7
Raees,2017,52691,6.6
Detective Byomkesh Bakshy!,2015,24997,7.6
War for the Planet of the Apes,2017,317865,7.4
Black Widow,2021,457659,6.6
Mardaani,2014,13915,7.3
Fan,2016,51363,6.8
Ne Zha 2,2025,11572,8.1
Captain America: Civil War,2016,894994,7.8
Thor: Ragnarok,2017,862344,7.9
Chip 'n Dale: Rescue Rangers,2022,49433,6.9
American Made,2017,222697,7.1
The Admiral: Roaring Currents,2014,13743,7.1
Bilal: A New Breed of Hero,2015,19494,7.6
Incredibles 2,2018,353987,7.5
The Wave,2015,45069,6.6
Allied,2016,176238,7.1
Predator: Killer of Killers,2025,36771,7.5
Let's Sin,2014,14187,7.7
Turbo Kid,2015,30614,6.7
Badlapur,2015,27196,7.4
A Hard Day,2014,17767,7.2
Elle,2016,73263,7.1
The Last: Naruto the Movie,2014,19277,7.6
Kong: Skull Island,2017,365050,6.7
Bajirao Mastani,2015,40511,7.3
NH 10,2015,14566,7.2
Rogue One: A Star Wars Story,2016,731036,7.8
The Equalizer 2,2018,218094,6.7
They Call Me Jeeg Robot,2015,17012,7.0
Solo: A Star Wars Story,2018,397839,6.9
The Nice Guys,2016,398032,7.4
Kaththi,2014,32001,8.1
Dragon Ball Z: Resurrection 'F',2015,25042,7.1
Only the Brave,2017,85233,7.6
The Outpost,2019,45829,6.8
Baby,2015,62133,7.9
Bajrangi Bhaijaan,2015,105713,8.1
Baby Driver,2017,656380,7.5
Guardians of the Galaxy Vol. 2,2017,800733,7.6
Puss in Boots: The Last Wish,2022,208311,7.8
The Siege of Jadotville,2016,46637,7.2
Okja,2017,138444,7.3
Suburra,2015,22683,7.4
A Prayer Before Dawn,2017,27482,6.8
Battle for Sevastopol,2015,14734,7.0
The Lego Batman Movie,2017,183848,7.3
The Legend of Maula Jatt,2022,11382,8.5
Captain Marvel,2019,640983,6.7
Avengers: Infinity War,2018,1299682,8.4
Avengers: Endgame,2019,1371071,8.4
13 Hours: The Secret Soldiers of Benghazi,2016,173241,7.3
Anthropoid,2016,57344,7.2
Jason Bourne,2016,251224,6.6
Yennai Arindhaal,2015,10892,7.3
Shin Godzilla,2016,41295,6.8
The Boy and the Beast,2015,28675,7.6
Kubo and the Two Strings,2016,143464,7.7
John Wick: Chapter 2,2017,547465,7.4
Gran Turismo,2023,124852,7.1
Overlord,2018,111782,6.6
The Girl with All the Gifts,2016,67179,6.6
Patriots Day,2016,119191,7.3
Boruto: Naruto the Movie,2015,13030,7.7
The Fate of the Furious,2017,265886,6.6
Spider-Man: Into the Spider-Verse,2018,739691,8.4
Harriet,2019,33833,6.7
Kingsman: The Golden Circle,2017,388832,6.7
Bumblebee,2018,200819,6.7
Srimanthudu,2015,14014,7.5
Sultan,2016,55745,7.1
Baahubali 2: The Conclusion,2017,125031,8.2
The Covenant,2023,192805,7.5
Megan Leavey,2017,29518,7.1
Mission: Impossible - Fallout,2018,404895,7.7
The Age of Shadows,2016,11652,7.1
The Command,2018,22935,6.6
Kara Bela,2015,10185,6.7
24,2016,25582,7.9
Maanaadu,2021,26667,8.2
Thani Oruvan,2015,22923,8.4
Dunkirk,2017,778434,7.8
Sicario: Day of the Soldado,2018,181936,7.1
Dangal,2016,228844,8.3
Blade of the Immortal,2017,20146,6.7
Ant-Man and the Wasp,2018,476586,7.0
Nannaku Prematho,2016,11680,7.5
Raya and the Last Dragon,2021,181969,7.3
The Ministry of Ungentlemanly Warfare,2024,140480,6.8
Wolfwalkers,2020,42414,8.0
Kannappa,2025,20141,6.6
Logan Lucky,2017,172373,7.0
Theri,2016,25358,7.3
Kaabil,2017,30970,7.2
Hotel Mumbai,2018,76191,7.6
Deadpool 2,2018,718452,7.6
Kingsglaive: Final Fantasy XV,2016,23860,6.7
Mardaani 2,2019,10832,7.3
Train to Busan,2016,288549,7.6
Memoir of a Murderer,2017,14146,7.2
Small Town Crime,2017,13071,6.6
Escape from Pretoria,2020,47618,6.8
The Mountain II,2016,111792,8.2
Spies in Disguise,2019,60616,6.8
Gantz: O,2016,17426,7.1
Superman,2025,79404,7.7
The Balkan Line,2019,10868,6.6
Vada Chennai,2018,22009,8.4
The Angel,2018,16160,6.7
Kill Bill: The Whole Bloody Affair,2006,19081,8.7
Lucifer,2019,14897,7.5
The Night Comes for Us,2018,31582,6.9
Bhavesh Joshi Superhero,2018,10969,7.6
The Aeronauts,2019,39264,6.6
John Wick: Chapter 3 - Parabellum,2019,459560,7.4
Vikram Vedha,2017,53347,8.2
Deadpool & Wolverine,2024,511617,7.5
Free Guy,2021,467589,7.1
Kesari,2019,24499,7.4
The Ghazi Attack,2017,15351,7.5
Adrift,2018,64453,6.6
Spider-Man: Far from Home,2019,604145,7.4
The Suicide Squad,2021,436426,7.2
Creed II,2018,163774,7.1
Mersal,2017,40456,7.5
Dragged Across Concrete,2018,59527,6.9
Upgrade,2018,224836,7.5
Outlaw King,2018,85381,6.9
Everything Everywhere All at Once,2022,586104,7.8
Tenet,2020,635657,7.3
The Villainess,2017,17890,6.6
Guardians of the Galaxy Vol. 3,2023,436552,7.9
Parmanu: The Story of Pokhran,2018,26008,7.6
Shadow,2018,19220,7.0
A Taxi Driver,2017,35688,7.9
News of the World,2020,99071,6.8
Midway,2019,101405,6.7
Bharath Ane Nenu,2018,19519,7.4
Midnight Runners,2017,11092,7.3
Theeran Adhigaram Ondru,2017,18350,8.2
The Accountant 2,2025,88565,6.7
Raazi,2018,35198,7.7
Next Gen,2018,20455,6.6
Along With the Gods: The Two Worlds,2017,21049,7.2
Batman: Gotham by Gaslight,2018,19973,6.7
Reign of the Supermen,2019,19362,6.8
Ballerina,2025,64299,7.0
Ludo,2020,45123,7.6
Minnal Murali,2021,33931,7.8
Khuda Haafiz,2020,22128,7.1
Rangasthalam,2018,29515,8.2
Teen Titans GO! To the Movies,2018,22959,6.7
War,2019,36389,6.6
Anna,2019,103488,6.7
The Wolf's Call,2019,23169,6.9
The Outlaws,2017,15394,7.2
Attack,2022,17166,6.8
The Old Guard,2020,200759,6.7
Boss Level,2020,85646,6.8
Devotion,2022,31012,6.6
Sarkar,2018,23246,6.7
Viswasam,2019,14888,7.1
My Hero Academia: Two Heroes,2018,14116,7.3
Mortal World,2018,33565,7.6
Goodachari,2018,12512,7.8
Aravindha Sametha,2018,10259,7.3
Ready or Not,2019,218813,6.8
Marighella,2019,56577,7.1
K.G.F: Chapter 1,2018,105474,8.2
Nobody,2021,356587,7.4
Dragon Ball Super: Broly,2018,34850,7.7
Jumanji: The Next Level,2019,306608,6.6
The Woman King,2022,79983,6.9
Sonchiriya,2019,13356,7.9
Tanhaji: The Unsung Warrior,2020,37528,7.5
Along With the Gods: The Last 49 Days,2018,10140,7.1
RRR,2022,179960,7.8
The Hunt,2020,145603,6.6
Vakeel Saab,2021,12712,6.9
Uri: The Surgical Strike,2019,76745,8.2
Maharshi,2019,10742,7.1
The Gentlemen,2019,437599,7.8
Dear Comrade,2019,10886,7.3
The Witch: Part 1 - The Subversion,2018,20633,7.1
1917,2019,734906,8.2
Teenage Mutant Ninja Turtles: Mutant Mayhem,2023,74239,7.2
21 Bridges,2019,78724,6.7
T-34,2018,15734,6.8
Avengement,2019,22957,6.6
Transformers One,2024,55255,7.6
Batla House,2019,13012,7.2
DC League of Super-Pets,2022,79272,7.0
Extraction,2020,280432,6.8
Petta,2019,13256,7.2
2018,2023,14761,8.3
The Rescue,2021,22414,8.3
Black Panther: Wakanda Forever,2022,336010,6.6
Constantine: City of Demons - The Movie,2018,10248,7.3
Vikram,2022,82355,8.3
Monkey Man,2024,94137,6.8
Mosul,2019,32095,7.1
Bigil,2019,26285,6.7
The Sea Beast,2022,62715,7.0
Spider-Man: Across the Spider-Verse,2023,466484,8.5
Shang-Chi and the Legend of the Ten Rings,2021,467832,7.3
Pushpa: The Rise - Part 1,2021,97362,7.6
Doctor Strange in the Multiverse of Madness,2022,520300,6.9
Asuran,2019,36000,8.4
Ala Vaikunthapurramuloo,2020,25612,7.3
Extreme Job,2019,14621,7.1
Mortal Kombat Legends: Scorpion's Revenge,2020,20433,7.4
Mission: Impossible - The Final Reckoning,2025,109636,7.4
Mission: Impossible - Dead Reckoning Part One,2023,304261,7.6
Nerkonda Paarvai,2019,11146,7.7
The Tomorrow War,2021,243319,6.6
Law of Tehran,2019,20165,7.8
Major,2022,33629,8.1
Kaithi,2019,47492,8.4
